{"cameraMode":{"drawMode":0,"name":"Shaded","section":"Shading Mode"},"sceneLighting":true,"audioPlay":false,"sceneViewState":{"showFog":true,"showMaterialUpdate":false,"showSkybox":true,"showFlares":true,"showImageEffects":true,"showParticleSystems":true},"in2DMode":false,"pivot":{"x":-11.940123558044434,"y":7.861369609832764,"z":18.69593620300293},"rotation":{"x":0.4052017629146576,"y":-0.27269479632377627,"z":0.1280125230550766,"w":0.8631694316864014},"size":24.171411514282228,"orthographic":true}