{"cameraMode":{"drawMode":0,"name":"Shaded","section":"Shading Mode"},"sceneLighting":false,"audioPlay":false,"sceneViewState":{"showFog":true,"showMaterialUpdate":false,"showSkybox":false,"showFlares":true,"showImageEffects":true,"showParticleSystems":true},"in2DMode":false,"pivot":{"x":-7.613961696624756,"y":3.283352851867676,"z":5.977492332458496},"rotation":{"x":0.17810828983783723,"y":0.019482195377349855,"z":-0.0035272128880023958,"w":0.9838151335716248},"size":33.93299865722656,"orthographic":true}